"element_id"	"onettype"	"element_name"	"element_name_nb"	"description"	"description_nb"	"changed"
"1.A.1.a.1"	"abilities"	"Oral Comprehension"	"Muntlig forståelse"	"The ability to listen to and understand information and ideas presented through spoken words and sentences."	"Evnen til å lytte til og forstå informasjon og ideer presentert gjennom tale."	"2015-09-05"
"1.A.1.a.2"	"abilities"	"Written Comprehension"	"Skriftlig forståelse"	"The ability to read and understand information and ideas presented in writing."	"Evnen til å lese og forstå informasjon og ideer presentert skriftlig."	"2015-09-05"
"1.A.1.a.3"	"abilities"	"Oral Expression"	"Muntlig uttrykkelse"	"The ability to communicate information and ideas in speaking so others will understand."	"Evnen til å formidle informasjon og ideer muntlig slik at andre forstår."	"2015-09-05"
"1.A.1.a.4"	"abilities"	"Written Expression"	"Skriftlig uttrykkelse"	"The ability to communicate information and ideas in writing so others will understand."	"Evnen til å formidle informasjon og ideer skriftlig slik at andre forstår."	"2015-09-05"
"1.A.1.b.1"	"abilities"	"Fluency of Ideas"	"Idemyldring"	"The ability to come up with a number of ideas about a topic (the number of ideas is important, not their quality, correctness, or creativity)."	"Evnen til å komme opp med en rekke ideer om et emne (antall ideer er det sentrale, ikke ideenes kvalitet, nøyaktighet eller kreativitet)."	"2015-09-05"
"1.A.1.b.2"	"abilities"	"Originality"	"Originalitet"	"The ability to come up with unusual or clever ideas about a given topic or situation, or to develop creative ways to solve a problem."	"Evnen til å komme opp med uvanlige eller smarte ideer om et gitt tema eller situasjon, eller å finne kreative måter å løse et problem på."	"2015-09-05"
"1.A.1.b.3"	"abilities"	"Problem Sensitivity"	"Evne til å se problemer"	"The ability to tell when something is wrong or is likely to go wrong. It does not involve solving the problem, only recognizing there is a problem."	"Evnen til å fortelle når noe er feil eller sannsynligvis vil gå galt. Det innebærer ikke løse problemet, bare å erkjenne at et problem finnes."	"2015-09-05"
"1.A.1.b.4"	"abilities"	"Deductive Reasoning"	"Evne til å resonnere"	"The ability to apply general rules to specific problems to produce answers that make sense."	"Evnen til å anvende generelle regler på spesifikke problemer for å finne meningsfylte svar."	"2015-09-05"
"1.A.1.b.5"	"abilities"	"Inductive Reasoning"	"Evne til å resonnere induktivt"	"The ability to combine pieces of information to form general rules or conclusions (includes finding a relationship among seemingly unrelated events)."	"Evnen til å kombinere ulike deler informasjon for å kunne danne generelle regler eller konklusjoner (inkluderer å finne sammenhenger mellom tilsynelatende urelaterte hendelser)."	"2015-09-05"
"1.A.1.b.6"	"abilities"	"Information Ordering"	"Organisere informasjon"	"The ability to arrange things or actions in a certain order or pattern according to a specific rule or set of rules (e.g., patterns of numbers, letters, words, pictures, mathematical operations)."	"Evnen til å ordne ting eller handlinger i en bestemt rekkefølge eller et bestemt mønster i henhold til en bestemt regel eller et sett med regler (f.eks. mønstre av tall, bokstaver, ord, bilder, matematiske operasjoner)."	"2015-09-05"
"1.A.1.b.7"	"abilities"	"Category Flexibility"	"Kategorifleksibilitet"	"The ability to generate or use different sets of rules for combining or grouping things in different ways."	"Evnen til å generere eller anvende forskjellige sett med regler for å kombinere eller gruppere ting på forskjellige måter."	"2015-09-05"
"1.A.1.c.1"	"abilities"	"Mathematical Reasoning"	"Resonnere matematisk"	"The ability to choose the right mathematical methods or formulas to solve a problem."	"Evnen til å velge riktige matematiske metoder eller formler for å løse et problem."	"2015-09-05"
"1.A.1.c.2"	"abilities"	"Number Facility"	"Tallforståelse"	"The ability to add, subtract, multiply, or divide quickly and correctly."	"Evnen til å summere, trekke fra, multiplisere eller dividere raskt og korrekt."	"2015-09-05"
"1.A.1.d.1"	"abilities"	"Memorization"	"Hukommelse"	"The ability to remember information such as words, numbers, pictures, and procedures."	"Evnen til å huske informasjon som ord, tall, bilder og prosedyrer."	"2015-09-05"
"1.A.1.e.1"	"abilities"	"Speed of Closure"	"Informasjonsorganisering"	"The ability to quickly make sense of, combine, and organize information into meaningful patterns."	"Evnen til raskt å forstå, kombinere og organisere informasjon i meningsfulle mønstre."	"2015-09-05"
"1.A.1.e.2"	"abilities"	"Flexibility of Closure"	"Mønstergjenkjenning"	"The ability to identify or detect a known pattern (a figure, object, word, or sound) that is hidden in other distracting material."	"Evnen til å identifisere eller gjenkjenne et kjent mønster (et tall, et objekt, et ord eller en lyd) som er skjult bak distraksjoner."	"2015-09-05"
"1.A.1.e.3"	"abilities"	"Perceptual Speed"	"Oppfatningsevne"	"The ability to quickly and accurately compare similarities and differences among sets of letters, numbers, objects, pictures, or patterns. The things to be compared may be presented at the same time or one after the other. This ability also includes comparing a presented object with a remembered object."	"Evnen til å raskt og nøyaktig sammenligne likheter og forskjeller i sett med bokstaver, tall, objekter, bilder eller mønstre. Tingene som skal sammenlignes, kan bli presentert samtidig eller etter hverandre. Denne evnen omfatter også å sammenligne et presentert objekt med et husket objekt."	"2015-09-05"
"1.A.1.f.1"	"abilities"	"Spatial Orientation"	"Romforståelse"	"The ability to know your location in relation to the environment or to know where other objects are in relation to you."	"Evnen til å vite hvor du befinner deg i forhold til omgivelsene, eller hvor andre gjenstander er i forhold til deg selv."	"2015-09-05"
"1.A.1.f.2"	"abilities"	"Visualization"	"Visualisering"	"The ability to imagine how something will look after it is moved around or when its parts are moved or rearranged."	"Evnen til å forestille seg hvordan noe vil se ut etter at det er flyttet på eller når delene flyttes eller omorganiseres."	"2015-09-05"
"1.A.1.g.1"	"abilities"	"Selective Attention"	"Dyp konsentrasjon"	"The ability to concentrate on a task over a period of time without being distracted."	"Evnen til å konsentrere seg om en oppgave over tid uten å bli distrahert."	"2015-09-05"
"1.A.1.g.2"	"abilities"	"Time Sharing"	"Tidsfordeling"	"The ability to shift back and forth between two or more activities or sources of information (such as speech, sounds, touch, or other sources)."	"Evnen til å bytte frem og tilbake mellom to eller flere aktiviteter eller informasjonskilder (f.eks. tale, lyder, berøring eller andre kilder)."	"2015-09-05"
"1.A.2.a.1"	"abilities"	"Arm-Hand Steadiness"	"Stødighet i arm/hånd"	"The ability to keep your hand and arm steady while moving your arm or while holding your arm and hand in one position."	"Evnen til å holde hånden og armen stødig mens du beveger armen, eller mens du holder armen og hånden i en og samme posisjon."	"2015-09-05"
"1.A.2.a.2"	"abilities"	"Manual Dexterity"	"Rask armbevegelse"	"The ability to quickly move your hand, your hand together with your arm, or your two hands to grasp, manipulate, or assemble objects."	"Evnen til raskt å flytte hånden, hånden sammen med armen eller to hender for å gripe, håndtere eller sette sammen gjenstander."	"2015-09-05"
"1.A.2.a.3"	"abilities"	"Finger Dexterity"	"Fingernemhet"	"The ability to make precisely coordinated movements of the fingers of one or both hands to grasp, manipulate, or assemble very small objects."	"Evnen til å gjøre presist koordinerte bevegelser med fingrene på en eller begge hender for å gripe, håndtere eller sette sammen svært små objekter."	"2015-09-05"
"1.A.2.b.1"	"abilities"	"Control Precision"	"Presisjon"	"The ability to quickly and repeatedly adjust the controls of a machine or a vehicle to exact positions."	"Evnen til raskt og gjentatte ganger justere kontrollene på en maskin eller et kjøretøy til nøyaktige posisjoner."	"2015-09-05"
"1.A.2.b.2"	"abilities"	"Multilimb Coordination"	"Kroppskoordinasjon"	"The ability to coordinate two or more limbs (for example, two arms, two legs, or one leg and one arm) while sitting, standing, or lying down. It does not involve performing the activities while the whole body is in motion."	"Evnen til å koordinere to eller flere lemmer (for eksempel to armer, to bein eller ett ben og en arm) mens du sitter, står eller ligger. Det innebærer ikke å utføre aktivitetene mens hele kroppen er i bevegelse."	"2015-09-05"
"1.A.2.b.3"	"abilities"	"Response Orientation"	"Responsorientering"	"The ability to choose quickly between two or more movements in response to two or more different signals (lights, sounds, pictures). It includes the speed with which the correct response is started with the hand, foot, or other body part."	"Evnen til å velge raskt mellom to eller flere bevegelser som respons på to eller flere forskjellige signaler (lys, lyd, bilder). Dette omfatter tiden det tar før riktig respons startes med hånd, fot eller andre kroppsdeler."	"2015-09-05"
"1.A.2.b.4"	"abilities"	"Rate Control"	"fartsberegning"	"The ability to time your movements or the movement of a piece of equipment in anticipation of changes in the speed and/or direction of a moving object or scene."	"Evnen til å beregne egne eller utstyrs bevegelser tidsmessig i påvente av endringer i hastighet og/eller retning for et objekt eller omgivelse i bevegelse."	"2015-09-05"
"1.A.2.c.1"	"abilities"	"Reaction Time"	"Reaksjonstid"	"The ability to quickly respond (with the hand, finger, or foot) to a signal (sound, light, picture) when it appears."	"Evnen til å reagere raskt (med hånd, finger eller fot) på et signal (lyd, lys, bilde) når det oppstår."	"2015-09-05"
"1.A.2.c.2"	"abilities"	"Wrist-Finger Speed"	"Hastighet i håndledd/finger"	"The ability to make fast, simple, repeated movements of the fingers, hands, and wrists."	"Evnen til å gjøre raske, enkle, gjentatte bevegelser med fingre, hender og håndledd."	"2015-09-05"
"1.A.2.c.3"	"abilities"	"Speed of Limb Movement"	"Hurtighet"	"The ability to quickly move the arms and legs."	"Evnen til raskt å bevege armer og ben."	"2015-09-05"
"1.A.3.a.1"	"abilities"	"Static Strength"	"Fysisk styrke"	"The ability to exert maximum muscle force to lift, push, pull, or carry objects."	"Evnen til å utøve maksimal muskelkraft for å løfte, skyve, trekke eller bære objekter."	"2015-09-05"
"1.A.3.a.2"	"abilities"	"Explosive Strength"	"Eksplosiv styrke"	"The ability to use short bursts of muscle force to propel oneself (as in jumping or sprinting), or to throw an object."	"Evnen til å bruke små støt med muskelkraft til å drive seg selv (som ved hopping eller sprinting) eller kaste en gjenstand."	"2015-09-05"
"1.A.3.a.3"	"abilities"	"Dynamic Strength"	"Dynamisk styrke"	"The ability to exert muscle force repeatedly or continuously over time. This involves muscular endurance and resistance to muscle fatigue."	"Evnen til å utøve muskelkraft gjentatte ganger eller kontinuerlig over tid. Dette innebærer muskulær utholdenhet og motstand mot muskeltretthet."	"2015-09-05"
"1.A.3.a.4"	"abilities"	"Trunk Strength"	"Kjernestyrke"	"The ability to use your abdominal and lower back muscles to support part of the body repeatedly or continuously over time without 'giving out' or fatiguing."	"Evnen til å bruke mage- og nedre ryggmuskulatur til å støtte en del av kroppen gjentatte ganger eller kontinuerlig over tid uten å gi opp eller slites ut."	"2015-09-05"
"1.A.3.b.1"	"abilities"	"Stamina"	"Fysisk utholdenhet"	"The ability to exert yourself physically over long periods of time without getting winded or out of breath."	"Evnen til å anstrenge deg fysisk over lengre perioder uten å bli andpusten."	"2015-09-05"
"1.A.3.c.1"	"abilities"	"Extent Flexibility"	"Utstrekningsfleksibilitet"	"The ability to bend, stretch, twist, or reach with your body, arms, and/or legs."	"Evnen til å bøye, strekke, vri eller nå noe med kropp, armer og/eller ben."	"2015-09-05"
"1.A.3.c.2"	"abilities"	"Dynamic Flexibility"	"Dynamisk fleksibilitet"	"The ability to quickly and repeatedly bend, stretch, twist, or reach out with your body, arms, and/or legs."	"Evnen til raskt og gjentatte ganger bøye, strekke, vri eller nå noe med kropp, armer og/eller ben."	"2015-09-05"
"1.A.3.c.3"	"abilities"	"Gross Body Coordination"	"Kroppskoordinering"	"The ability to coordinate the movement of your arms, legs, and torso together when the whole body is in motion."	"Evnen til å koordinere bevegelsen i armer, ben og overkropp sammen når hele kroppen er i bevegelse."	"2015-09-05"
"1.A.3.c.4"	"abilities"	"Gross Body Equilibrium"	"Balanse"	"The ability to keep or regain your body balance or stay upright when in an unstable position."	"Evnen til å beholde eller gjenopprette kroppsbalansen eller stå oppreist i en ustabil posisjon."	"2015-09-05"
"1.A.4.a.1"	"abilities"	"Near Vision"	"Nærsyn"	"The ability to see details at close range (within a few feet of the observer)."	"Evnen til å se detaljer på nært hold (på få meters avstand)."	"2015-09-05"
"1.A.4.a.2"	"abilities"	"Far Vision"	"Langsyn"	"The ability to see details at a distance."	"Evnen til å se detaljer på avstand."	"2015-09-05"
"1.A.4.a.3"	"abilities"	"Visual Color Discrimination"	"Fargesyn"	"The ability to match or detect differences between colors, including shades of color and brightness."	"Evnen til å oppdage forskjeller eller likheter mellom farger, herunder nyanser og styrke."	"2015-09-05"
"1.A.4.a.4"	"abilities"	"Night Vision"	"Nattsyn"	"The ability to see under low light conditions."	"Evnen til å se under dårlige lysforhold."	"2015-09-05"
"1.A.4.a.5"	"abilities"	"Peripheral Vision"	"Sidesyn"	"The ability to see objects or movement of objects to one's side when the eyes are looking ahead."	"Evnen til å se objekter eller objekters bevegelse ved siden av deg når blikket er rettet rett fremover."	"2015-09-05"
"1.A.4.a.6"	"abilities"	"Depth Perception"	"Dybdesyn"	"The ability to judge which of several objects is closer or farther away from you, or to judge the distance between you and an object."	"Evnen til å bedømme hvilke av flere objekter som er nærmest eller lengst borte fra deg, eller å bedømme avstanden mellom deg og en gjenstand."	"2015-09-05"
"1.A.4.a.7"	"abilities"	"Glare Sensitivity"	"Følsomhet for gjenskinn"	"The ability to see objects in the presence of glare or bright lighting."	"Evnen til å se objekter ved gjenskinn eller sterkt lys."	"2015-09-05"
"1.A.4.b.1"	"abilities"	"Hearing Sensitivity"	"God hørsel"	"The ability to detect or tell the differences between sounds that vary in pitch and loudness."	"Evnen til å oppdage eller identifisere forskjeller mellom lyder som varierer i tonehøyde og styrke."	"2015-09-05"
"1.A.4.b.2"	"abilities"	"Auditory Attention"	"Lydmessig oppmerksomhet"	"The ability to focus on a single source of sound in the presence of other distracting sounds."	"Evnen til å fokusere på en enkelt lydkilde med andre forstyrrende lyder til stede."	"2015-09-05"
"1.A.4.b.3"	"abilities"	"Sound Localization"	"Lydlokalisering"	"The ability to tell the direction from which a sound originated."	"Evnen til å identifisere fra hvilken retning en lyd kommer fra."	"2015-09-05"
"1.A.4.b.4"	"abilities"	"Speech Recognition"	"Talegjenkjenning"	"The ability to identify and understand the speech of another person."	"Evnen til å identifisere og forstå hva en annen person sier."	"2015-09-05"
"1.A.4.b.5"	"abilities"	"Speech Clarity"	"Evne til å snakke klart"	"The ability to speak clearly so others can understand you."	"Evnen til å snakke tydelig slik at andre kan forstå deg."	"2015-09-05"
"1.B.1.a"	"Interests"	"Realistic"	"Realistisk"	"Realistic occupations frequently involve work activities that include practical, hands-on problems and solutions. They often deal with plants, animals, and real-world materials like wood, tools, and machinery. Many of the occupations require working outside, and do not involve a lot of paperwork or working closely with others."	"Realistiske yrker innebærer ofte arbeidsaktiviteter som omfatter praktiske og konkrete problemer og løsninger. De er ofte knyttet til planter, dyr og konkrete ting som tre, verktøy og maskiner. Mange av yrkene krever at man arbeider utendørs og innebærer ikke særlig mye papirarbeid eller tett samarbeid med andre."	"2015-09-05"
"1.B.1.b"	"Interests"	"Investigative"	"Undersøkende"	"Investigative occupations frequently involve working with ideas, and require an extensive amount of thinking. These occupations can involve searching for facts and figuring out problems mentally."	"Undersøkende yrker innebærer ofte at man jobber med ideer, og de krever omfattende tenkning. Slike yrker kan innebære søk etter fakta og løsing av problemer mentalt."	"2015-09-05"
"1.B.1.c"	"Interests"	"Artistic"	"Kunstnerisk"	"Artistic occupations frequently involve working with forms, designs and patterns. They often require self-expression and the work can be done without following a clear set of rules."	"Kunstneriske yrker innebærer ofte arbeid med former, design og mønstre. De krever ofte selvutfoldelse, og arbeidet kan gjøres uten å følge et klart sett med regler."	"2015-09-05"
"1.B.1.d"	"Interests"	"Social"	"Sosialt"	"Social occupations frequently involve working with, communicating with, and teaching people. These occupations often involve helping or providing service to others."	"Sosiale yrker innebærer ofte å jobbe med, kommunisere med og lære opp andre mennesker. Slike yrker innebærer ofte å hjelpe eller yte tjenester til andre."	"2015-09-05"
"1.B.1.e"	"Interests"	"Enterprising"	"Foretaksom"	"Enterprising occupations frequently involve starting up and carrying out projects. These occupations can involve leading people and making many decisions. Sometimes they require risk taking and often deal with business."	"Foretaksvirksomhet innebærer ofte oppstart og gjennomføring av prosjekter. Slike yrker kan innebære ledelse av andre mennesker og beslutningstaking. Iblant kreves risikotaking, og man har ofte å gjøre med forretningsvirksomhet."	"2015-09-05"
"1.B.1.f"	"Interests"	"Conventional"	"Konvensjonell"	"Conventional occupations frequently involve following set procedures and routines. These occupations can include working with data and details more than with ideas. Usually there is a clear line of authority to follow."	"Tradisjonelle yrker innebærer ofte at man følger faste prosedyrer og rutiner. Slike yrker kan omfatte arbeid med data og detaljer snarere enn med ideer. Vanligvis forholder man seg til klare autoritetslinjer."	"2015-09-05"
"1.B.1.g"	"Interests"	"First Interest High-Point"	"First Interest High-Point"	"Primary-Rank Descriptiveness"	"Primary-Rank Descriptiveness"	"2015-09-05"
"1.B.1.h"	"Interests"	"Second Interest High-Point"	"Second Interest High-Point"	"Secondary-Cutoff/Rank Descriptiveness"	"Secondary-Cutoff/Rank Descriptiveness"	"2015-09-05"
"1.B.1.i"	"Interests"	"Third Interest High-Point"	"Third Interest High-Point"	"Tertiary-Cutoff/Rank Descriptiveness"	"Tertiary-Cutoff/Rank Descriptiveness"	"2015-09-05"
"1.B.2.a"	"work_values"	"Achievement"	"Oppnåelse"	"Occupations that satisfy this work value are results oriented and allow employees to use their strongest abilities, giving them a feeling of accomplishment. Corresponding needs are Ability Utilization and Achievement."	"Tilfredsstillende yrker med hensyn til dette aspektet er resultatorienterte og gir de ansatte muligheten til å bruke sine sterkeste egenskaper, noe som gir dem en følelse av å lykkes. Samsvarende behov er evneutnyttelse og oppnåelse."	"2022-05-12"
"1.B.2.b"	"work_values"	"Working Conditions"	"Arbeidsforhold"	"Occupations that satisfy this work value offer job security and good working conditions. Corresponding needs are Activity, Compensation, Independence, Security, Variety and Working Conditions."	"Tilfredsstillende yrker med hensyn til dette aspektet gir jobbsikkerhet og gode arbeidsforhold. Samsvarende behov er aktivitet, kompensasjon, uavhengighet, sikkerhet, variasjon og arbeidsforhold."	"2022-05-12"
"1.B.2.c"	"work_values"	"Recognition"	"Anerkjennelse"	"Occupations that satisfy this work value offer advancement, potential for leadership, and are often considered prestigious. Corresponding needs are Advancement, Authority, Recognition and Social Status."	"Tilfredsstillende yrker med hensyn til dette aspektet gir rom for forfremmelse og potensielle lederstillinger, og betraktes gjerne som statusytrker. Samsvarende behov er forfremmelse, myndighet, anerkjennelse og sosial status."	"2022-05-12"
"1.B.2.d"	"work_values"	"Relationships"	"Relasjoner"	"Occupations that satisfy this work value allow employees to provide service to others and work with co-workers in a friendly non-competitive environment. Corresponding needs are Co-workers, Moral Values and Social Service."	"Tilfredsstillende yrker med hensyn til dette aspektet gir de ansatte mulighet til å yte service til andre og samarbeide med kolleger i et vennlig, ikke-konkurrerende miljø. Samsvarende behov er kolleger, moralske verdier og sosiale tjenester."	"2022-05-12"
"1.B.2.e"	"work_values"	"Support"	"Støtte"	"Occupations that satisfy this work value offer supportive management that stands behind employees. Corresponding needs are Company Policies, Supervision: Human Relations and Supervision: Technical."	"Tilfredsstillende yrker med hensyn til dette aspektet har en ledelse som støtter og står bak de ansatte. Samsvarende behov er selskapsretningslinjer, tilsyn: mellommenneskelige forhold og tilsyn: teknisk."	"2022-05-12"
"1.B.2.f"	"work_values"	"Independence"	"Uavhengighet"	"Occupations that satisfy this work value allow employees to work on their own and make decisions. Corresponding needs are Creativity, Responsibility and Autonomy."	"Tilfredsstillende yrker med hensyn til dette aspektet gir de ansatte muligheten til å jobbe og ta beslutninger på egenhånd. Samsvarende behov er kreativitet, ansvar og autonomi."	"2022-05-12"
"1.B.2.g"	"work_values"	"First Work Value High-Point"	"Høyste verdi for arbeidsverdi"	"Primary-Rank Descriptiveness"	"Primary-Rank Descriptiveness"	"2022-05-12"
"1.B.2.h"	"work_values"	"Second Work Value High-Point"	"Nest høyste verdi for arbeidsverdi"	"Secondary-Cutoff/Rank Descriptiveness"	"Secondary-Cutoff/Rank Descriptiveness"	"2022-05-12"
"1.B.2.i"	"work_values"	"Third Work Value High-Point"	"Tredje høyste verdi for arbeidsverdi"	"Tertiary-Cutoff/Rank Descriptiveness"	"Tertiary-Cutoff/Rank Descriptiveness"	"2022-05-12"
"1.C.1.a"	"work_styles"	"Achievement/Effort"	"Oppnåelse/Innsats"	"Job requires establishing and maintaining personally challenging achievement goals and exerting effort toward mastering tasks."	"Jobben krever etablering og opprettholdelse av personlig utfordrende prestasjonsmål og innsats for å mestre oppgaver."	"2015-09-05"
"1.C.1.b"	"work_styles"	"Persistence"	"Utholdenhet"	"Job requires persistence in the face of obstacles."	"Jobben krever utholdenhet i møte med hindringer."	"2015-09-05"
"1.C.1.c"	"work_styles"	"Initiative"	"Initiavtiv"	"Job requires a willingness to take on responsibilities and challenges."	"Jobben krever vilje til å ta på seg ansvar og utfordringer."	"2015-09-05"
"1.C.2.b"	"work_styles"	"Leadership"	"Ledelse"	"Job requires a willingness to lead, take charge, and offer opinions and direction."	"Jobben krever en vilje til å lede, ta ansvar og ytre meninger og veiledning."	"2015-09-05"
"1.C.3.a"	"work_styles"	"Cooperation"	"Samarbeid"	"Job requires being pleasant with others on the job and displaying a good-natured, cooperative attitude."	"Jobben krever at man er hyggelig med andre på jobben og utviser en godmodig, samarbeidsvillig holdning."	"2015-09-05"
"1.C.3.b"	"work_styles"	"Concern for Others"	"Omtanke for andre"	"Job requires being sensitive to others' needs and feelings and being understanding and helpful on the job."	"Jobben krever følsomhet for andres behov og følelser og å være forståelsesfull og til hjelp."	"2015-09-05"
"1.C.3.c"	"work_styles"	"Social Orientation"	"Sosial legning"	"Job requires preferring to work with others rather than alone, and being personally connected with others on the job."	"Jobben krever at man foretrekker å jobbe med andre mennesker snarere enn alene, og at man knytter personlig kontakt med de andre på jobben."	"2015-09-05"
"1.C.4.a"	"work_styles"	"Self Control"	"Selvkontroll"	"Job requires maintaining composure, keeping emotions in check, controlling anger, and avoiding aggressive behavior, even in very difficult situations."	"Jobben krever at man bevarer roen, holder følelser i sjakk, kontrollerer sinne og unngår aggressiv atferd, selv i svært vanskelige situasjoner."	"2015-09-05"
"1.C.4.b"	"work_styles"	"Stress Tolerance"	"Stressmestring"	"Job requires accepting criticism and dealing calmly and effectively with high stress situations."	"Jobben krever at man kan akseptere kritikk og opptre rolig og effektivt i situasjoner med mye stress."	"2015-09-05"
"1.C.4.c"	"work_styles"	"Adaptability/Flexibility"	"Tilpasningsdyktighet/Fleksibilitet"	"Job requires being open to change (positive or negative) and to considerable variety in the workplace."	"Jobben krever at man er åpen for forandring (positiv eller negativ) og betydelig variasjon på arbeidsplassen."	"2015-09-05"
"1.C.5.a"	"work_styles"	"Dependability"	"Ansvarlighet"	"Job requires being reliable, responsible, and dependable, and fulfilling obligations."	"Jobben krever at man er pålitelig og ansvarlig, og at man oppfyller plikter."	"2015-09-05"
"1.C.5.b"	"work_styles"	"Attention to Detail"	"Øye for detaljer"	"Job requires being careful about detail and thorough in completing work tasks."	"Jobben krever at man er nøye med detaljer og grundig i arbeidet."	"2015-09-05"
"1.C.5.c"	"work_styles"	"Integrity"	"Integritet"	"Job requires being honest and ethical."	"Jobben krever at man er ærlig og etisk."	"2015-09-05"
"1.C.6"	"work_styles"	"Independence"	"Uavhengighet"	"Job requires developing one's own ways of doing things, guiding oneself with little or no supervision, and depending on oneself to get things done."	"Jobben krever at man utvikler sine egne måter å gjøre ting på, styrer seg selv med lite eller intet tilsyn og avhenger av seg selv for å få ting gjort."	"2015-09-05"
"1.C.7.a"	"work_styles"	"Innovation"	"Innovasjon"	"Job requires creativity and alternative thinking to develop new ideas for and answers to work-related problems."	"Jobben krever kreativitet og alternativ tenkning for å utvikle nye ideer og svar knyttet til arbeidsrelaterte problemer."	"2015-09-05"
"1.C.7.b"	"work_styles"	"Analytical Thinking"	"Analytisk tenking"	"Job requires analyzing information and using logic to address work-related issues and problems."	"Jobben krever analyse av informasjon og bruk av logikk for å løse arbeidsrelaterte spørsmål og problemer."	"2015-09-05"
"2.A.1.a"	"skills"	"Reading Comprehension"	"Leseforståelse"	"Understanding written sentences and paragraphs in work related documents."	"Forstå skriftlige setninger og avsnitt i arbeidsrelaterte dokumenter."	"2015-09-05"
"2.A.1.b"	"skills"	"Active Listening"	"Aktiv lytting"	"Giving full attention to what other people are saying, taking time to understand the points being made, asking questions as appropriate, and not interrupting at inappropriate times."	"Å gi full oppmerksomhet til hva andre mennesker sier, ta seg tid å forstå poengene som kommuniseres, stille relevante spørsmål og ikke avbryte på upassende steder."	"2015-09-05"
"2.A.1.c"	"skills"	"Writing"	"Skriving"	"Communicating effectively in writing as appropriate for the needs of the audience."	"Kommunisere effektivt skriftlig etter hva som er relevant med hensyn til publikums behov."	"2015-09-05"
"2.A.1.d"	"skills"	"Speaking"	"Snakking"	"Talking to others to convey information effectively."	"Å snakke med andre for å formidle informasjon på en effektiv måte."	"2015-09-05"
"2.A.1.e"	"skills"	"Mathematics"	"Matematikk"	"Using mathematics to solve problems."	"Anvende matematikk for å løse problemer."	"2015-09-05"
"2.A.1.f"	"skills"	"Science"	"Naturvitenskap"	"Using scientific rules and methods to solve problems."	"Anvende vitenskapelige regler og metoder for å løse problemer."	"2015-09-05"
"2.A.2.a"	"skills"	"Critical Thinking"	"Kritisk tenkning"	"Using logic and reasoning to identify the strengths and weaknesses of alternative solutions, conclusions or approaches to problems."	"Anvende logikk og resonnement for å identifisere styrker og svakheter ved alternative løsninger, konklusjoner eller problemstillinger."	"2015-09-05"
"2.A.2.b"	"skills"	"Active Learning"	"Analytisk tenkning"	"Understanding the implications of new information for both current and future problem-solving and decision-making."	"Forstå konsekvensene av ny informasjon med hensyn til nåværende og fremtidig problemløsning og beslutningstaking."	"2015-09-05"
"2.A.2.c"	"skills"	"Learning Strategies"	"Læringsstrategier"	"Selecting and using training/instructional methods and procedures appropriate for the situation when learning or teaching new things."	"Velge og bruke passende opplærings-/instruksjonsmetoder og -prosedyrer når man lærer eller lærer bort nye ting."	"2015-09-05"
"2.A.2.d"	"skills"	"Monitoring"	"Vurdering og evaluering"	"Monitoring/Assessing performance of yourself, other individuals, or organizations to make improvements or take corrective action."	"Overvåke/vurdere egne, andre personers eller organisasjoners prestasjoner for å kunne gjøre forbedringer eller iverksette korrigerende tiltak."	"2015-09-05"
"2.B.1.a"	"skills"	"Social Perceptiveness"	"Sosiale ferdigheter"	"Being aware of others' reactions and understanding why they react as they do."	"Å være oppmerksom på andres reaksjoner og forstå hvorfor de reagerer som de gjør."	"2015-09-05"
"2.B.1.b"	"skills"	"Coordination"	"Sosial tilpasningsevne"	"Adjusting actions in relation to others' actions."	"Justere handlinger i forhold til andres handlinger."	"2015-09-05"
"2.B.1.c"	"skills"	"Persuasion"	"Overtalelsesevne"	"Persuading others to change their minds or behavior."	"Overtale andre til å ombestemme seg eller endre atferd."	"2015-09-05"
"2.B.1.d"	"skills"	"Negotiation"	"Forhandlingsevne"	"Bringing others together and trying to reconcile differences."	"Bringe andre sammen og bygge broer."	"2015-09-05"
"2.B.1.e"	"skills"	"Instructing"	"Instruksjon"	"Teaching others how to do something."	"Lære andre hvordan du gjør noe."	"2015-09-05"
"2.B.1.f"	"skills"	"Service Orientation"	"Serviceinnstilling"	"Actively looking for ways to help people."	"Aktivt lete etter måter å hjelpe andre mennesker på."	"2015-09-05"
"2.B.2.i"	"skills"	"Complex Problem Solving"	"Problemløsning"	"Identifying complex problems and reviewing related information to develop and evaluate options and implement solutions."	"Identifisere komplekse problemer og gjennomgå relatert informasjon for å kunne utarbeide og vurdere alternativer og implementere løsninger."	"2015-09-05"
"2.B.3.a"	"skills"	"Operations Analysis"	"Operasjonsanalyse"	"Analyzing needs and product requirements to create a design."	"Analysere behov og produktkrav for å lage et design."	"2015-09-05"
"2.B.3.b"	"skills"	"Technology Design"	"Teknologidesign"	"Generating or adapting equipment and technology to serve user needs."	"Generere eller tilpasse utstyr og teknologi til brukernes behov."	"2015-09-05"
"2.B.3.c"	"skills"	"Equipment Selection"	"Utstyrsvalg"	"Determining the kind of tools and equipment needed to do a job."	"Fastsette hva slags verktøy og utstyr som trengs for å gjøre en jobb."	"2015-09-05"
"2.B.3.d"	"skills"	"Installation"	"Installasjon"	"Installing equipment, machines, wiring, or programs to meet specifications."	"Installere utstyr, maskiner, ledninger eller programmer basert på gitte spesifikasjoner."	"2015-09-05"
"2.B.3.e"	"skills"	"Programming"	"Programmering"	"Writing computer programs for various purposes."	"Skrive dataprogrammer for ulike formål."	"2015-09-05"
"2.B.3.g"	"skills"	"Operation Monitoring"	"Driftsovervåking"	"Watching gauges, dials, or other indicators to make sure a machine is working properly."	"Overvåke måleinstrumenter, tallskiver eller andre indikatorer for å sørge for at en maskin fungerer som den skal."	"2015-09-05"
"2.B.3.h"	"skills"	"Operation and Control"	"Drift og styring"	"Controlling operations of equipment or systems."	"Styre drift av utstyr eller systemer."	"2015-09-05"
"2.B.3.j"	"skills"	"Equipment Maintenance"	"Utstyrsvedlikehold"	"Performing routine maintenance on equipment and determining when and what kind of maintenance is needed."	"Utføre rutinemessig vedlikehold på utstyr og bestemme hva slags vedlikehold som er nødvendig til bestemte tider."	"2015-09-05"
"2.B.3.k"	"skills"	"Troubleshooting"	"Feilsøking"	"Determining causes of operating errors and deciding what to do about it."	"Fastsette årsaker til driftsfeil og finne riktige tiltak."	"2015-09-05"
"2.B.3.l"	"skills"	"Repairing"	"Reparasjon"	"Repairing machines or systems using the needed tools."	"Reparere maskiner eller systemer ved bruk av de nødvendige verktøy."	"2015-09-05"
"2.B.3.m"	"skills"	"Quality Control Analysis"	"Kvalitetskontrollanalyse"	"Conducting tests and inspections of products, services, or processes to evaluate quality or performance."	"Gjennomføre tester og inspeksjoner av produkter, tjenester eller prosesser for å evaluere kvalitet eller ytelse."	"2015-09-05"
"2.B.4.e"	"skills"	"Judgment and Decision Making"	"Vurderinger og beslutningstaking"	"Considering the relative costs and benefits of potential actions to choose the most appropriate one."	"Vurdere de relative kostnadene og fordelene ved mulige tiltak for å velge det beste tiltaket."	"2015-09-05"
"2.B.4.g"	"skills"	"Systems Analysis"	"Systemanalyse"	"Determining how a system should work and how changes in conditions, operations, and the environment will affect outcomes."	"Fastsette hvordan et system skal fungere, og hvordan endringer i betingelser, drift og miljø vil påvirke resultatene."	"2015-09-05"
"2.B.4.h"	"skills"	"Systems Evaluation"	"Systemevaluering"	"Identifying measures or indicators of system performance and the actions needed to improve or correct performance, relative to the goals of the system."	"Identifisere mål eller indikatorer på systemytelse og hvilke handlinger som kreves for å forbedre eller korrigere ytelse med hensyn til målene for systemet."	"2015-09-05"
"2.B.5.a"	"skills"	"Time Management"	"Tidsstyring"	"Managing one's own time and the time of others."	"Administrere egen og andre personers tid."	"2015-09-05"
"2.B.5.b"	"skills"	"Management of Financial Resources"	"Økonomistyring"	"Determining how money will be spent to get the work done, and accounting for these expenditures."	"Bestemme hvordan penger skal brukes for å få jobben gjort og redegjøre for disse utgiftene."	"2015-09-05"
"2.B.5.c"	"skills"	"Management of Material Resources"	"Materialforvaltning"	"Obtaining and seeing to the appropriate use of equipment, facilities, and materials needed to do certain work."	"Skaffe og føre tilsyn med utstyr, fasiliteter og materialer for å sikre at de brukes på riktig måte for et bestemt arbeid."	"2015-09-05"
"2.B.5.d"	"skills"	"Management of Personnel Resources"	"Personaladministrasjon"	"Motivating, developing, and directing people as they work, identifying the best people for the job."	"Motivere, utvikle og lede mennesker i arbeidet og finne de beste menneskene til jobben."	"2015-09-05"
"2.C.1.a"	"knowledge"	"Administration and Management"	"Administrasjon og ledelse"	"Knowledge of business and management principles involved in strategic planning, resource allocation, human resources modeling, leadership technique, production methods, and coordination of people and resources."	"Kunnskap om forretnings- og ledelsesprinsipper involvert i strategisk planlegging, ressursallokering, personalressursmodellering, ledelsesteknikker, produksjonsmetoder og koordinering av mennesker og ressurser."	"2015-09-05"
"2.C.1.b"	"knowledge"	"Clerical"	"Kontorarbeid"	"Knowledge of administrative and clerical procedures and systems such as word processing, managing files and records, stenography and transcription, designing forms, and other office procedures and terminology."	"Kunnskap om administrative og kontorfaglige prosedyrer og systemer som tekstbehandling, fil- og arkivbehandling, stenografi og transkripsjon, skjemautforming og andre typer kontorprosedyrer og kontorterminologi."	"2015-09-05"
"2.C.1.c"	"knowledge"	"Economics and Accounting"	"Økonomi og regnskap"	"Knowledge of economic and accounting principles and practices, the financial markets, banking and the analysis and reporting of financial data."	"Kunnskap om økonomiske og regnskapsfaglige prinsipper og praksiser, finansmarkedene, bankvirksomhet og analyse og rapportering av økonomiske data."	"2015-09-05"
"2.C.1.d"	"knowledge"	"Sales and Marketing"	"Salg og markedsføring"	"Knowledge of principles and methods for showing, promoting, and selling products or services. This includes marketing strategy and tactics, product demonstration, sales techniques, and sales control systems."	"Kunnskap om prinsipper og metoder for å vise frem, promotere og selge produkter eller tjenester. Dette omfatter markedsføringsstrategi og -taktikk, produktdemonstrasjon, salgsteknikker og salgsstyringssystemer."	"2015-09-05"
"2.C.1.e"	"knowledge"	"Customer and Personal Service"	"Kundeservice"	"Knowledge of principles and processes for providing customer and personal services. This includes customer needs assessment, meeting quality standards for services, and evaluation of customer satisfaction."	"Kunnskap om prinsipper og prosesser for kundetjenester og personlige tjenester. Dette omfatter vurdering av kundebehov, oppfyllelse av kvalitetsstandarder for tjenester og evaluering av kundetilfredshet."	"2015-09-05"
"2.C.1.f"	"knowledge"	"Personnel and Human Resources"	"Personalledelse og HR"	"Knowledge of principles and procedures for personnel recruitment, selection, training, compensation and benefits, labor relations and negotiation, and personnel information systems."	"Kunnskap om prinsipper og prosedyrer for rekruttering, utvelgelse, opplæring, kompensasjon og fordeler, arbeidsforhold og forhandling, samt personalinformasjonssystemer."	"2015-09-05"
"2.C.10"	"knowledge"	"Transportation"	"Transport og logistikk"	"Knowledge of principles and methods for moving people or goods by air, rail, sea, or road, including the relative costs and benefits."	"Kunnskap om prinsipper og metoder for transport av mennesker eller gods med fly, jernbane til havs eller på veien, herunder relative kostnader og fordeler."	"2015-09-05"
"2.C.2.a"	"knowledge"	"Production and Processing"	"Industriell produksjon og prosessering"	"Knowledge of raw materials, production processes, quality control, costs, and other techniques for maximizing the effective manufacture and distribution of goods."	"Kunnskap om råvarer, produksjonsprosesser, kvalitetskontroll, kostnader og andre teknikker for maksimalt effektiv produksjon og distribusjon av varer."	"2015-09-05"
"2.C.2.b"	"knowledge"	"Food Production"	"Matproduksjon"	"Knowledge of techniques and equipment for planting, growing, and harvesting food products (both plant and animal) for consumption, including storage/handling techniques."	"Kunnskap om teknikker og utstyr for planting, dyrking og innhøsting av matvarer (både planter og dyr) til forbruk, herunder lagrings-/håndteringsteknikker."	"2015-09-05"
"2.C.3.a"	"knowledge"	"Computers and Electronics"	"Datamaskiner og elektronikk"	"Knowledge of circuit boards, processors, chips, electronic equipment, and computer hardware and software, including applications and programming."	"Kunnskap om kretskort, prosessorer, databrikker, elektronisk utstyr og maskinvare/programvare, herunder programmer og programmering."	"2015-09-05"
"2.C.3.b"	"knowledge"	"Engineering and Technology"	"Ingeniørfag og teknologi"	"Knowledge of the practical application of engineering science and technology. This includes applying principles, techniques, procedures, and equipment to the design and production of various goods and services."	"Kunnskap om praktisk anvendelse av ingeniørvitenskap og teknologi. Dette omfatter anvendelse av prinsipper, teknikker, prosedyrer og utstyr for design og produksjon av ulike varer og tjenester."	"2015-09-05"
"2.C.3.c"	"knowledge"	"Design"	"Teknisk design"	"Knowledge of design techniques, tools, and principles involved in production of precision technical plans, blueprints, drawings, and models."	"Kunnskap om designteknikker, verktøy og prinsipper involvert ved produksjon av nøyaktige tekniske planer, tegninger og modeller."	"2015-09-05"
"2.C.3.d"	"knowledge"	"Building and Construction"	"Bygg og anlegg"	"Knowledge of materials, methods, and the tools involved in the construction or repair of houses, buildings, or other structures such as highways and roads."	"Kunnskap om materialer, metoder og verktøy involvert ved bygging eller reparasjon av hus, bygninger eller andre strukturer som motorveier og veier."	"2015-09-05"
"2.C.3.e"	"knowledge"	"Mechanical"	"Mekanikk"	"Knowledge of machines and tools, including their designs, uses, repair, and maintenance."	"Kunnskap om maskiner og verktøy, herunder om design, bruk, reparasjon og vedlikehold."	"2015-09-05"
"2.C.4.a"	"knowledge"	"Mathematics"	"Matematikk"	"Knowledge of arithmetic, algebra, geometry, calculus, statistics, and their applications."	"Kunnskap om aritmetikk, algebra, geometri, kalkulus, statistikk og deres anvendelse."	"2015-09-05"
"2.C.4.b"	"knowledge"	"Physics"	"Fysikk"	"Knowledge and prediction of physical principles, laws, their interrelationships, and applications to understanding fluid, material, and atmospheric dynamics, and mechanical, electrical, atomic and sub- atomic structures and processes."	"Kunnskap om og prediksjon av fysiske prinsipper, lover og deres innbyrdes forhold og anvendelse for forståelse av væske-, material- og atmosfærisk dynamikk og mekaniske, elektriske, atomære og subatomære strukturer og prosesser."	"2015-09-05"
"2.C.4.c"	"knowledge"	"Chemistry"	"Kjemi"	"Knowledge of the chemical composition, structure, and properties of substances and of the chemical processes and transformations that they undergo. This includes uses of chemicals and their interactions, danger signs, production techniques, and disposal methods."	"Kunnskap om materialers kjemiske sammensetning, struktur og egenskaper, og om kjemiske prosesser og transformasjoner materialene gjennomgår. Dette omfatter bruk av kjemikalier og deres interaksjoner, faresignaler, produksjonsteknikker og avhendingsmetoder."	"2015-09-05"
"2.C.4.d"	"knowledge"	"Biology"	"Biologi"	"Knowledge of plant and animal organisms, their tissues, cells, functions, interdependencies, and interactions with each other and the environment."	"Kunnskap om plante- og dyreorganismer, og om deres vev, celler, funksjoner, avhengighetsforhold og interaksjon med hverandre og miljøet."	"2015-09-05"
"2.C.4.e"	"knowledge"	"Psychology"	"Psykologi"	"Knowledge of human behavior and performance; individual differences in ability, personality, and interests; learning and motivation; psychological research methods; and the assessment and treatment of behavioral and affective disorders."	"Kunnskap om menneskelig atferd og ytelse; individuelle forskjeller i evner, personlighet og interesser; læring og motivasjon; psykologiske forskningsmetoder; og vurdering og behandling av atferdsmessige og affektive lidelser."	"2015-09-05"
"2.C.4.f"	"knowledge"	"Sociology and Anthropology"	"Sosiologi og sosialantropologi"	"Knowledge of group behavior and dynamics, societal trends and influences, human migrations, ethnicity, cultures and their history and origins."	"Kunnskap om gruppeadferd og -dynamikk, samfunnsmessige trender og påvirkninger, folkevandringer, etnisitet, kulturer og deres historie og opprinnelse."	"2015-09-05"
"2.C.4.g"	"knowledge"	"Geography"	"Geografi"	"Knowledge of principles and methods for describing the features of land, sea, and air masses, including their physical characteristics, locations, interrelationships, and distribution of plant, animal, and human life."	"Kunnskap om prinsipper og metoder for beskrivelse av egenskaper for land, sjø og luftmasser, herunder fysiske egenskaper, steder, interne sammenhenger og utbredelse av planteliv, dyreliv og mennesker."	"2015-09-05"
"2.C.5.a"	"knowledge"	"Medicine and Dentistry"	"Helse"	"Knowledge of the information and techniques needed to diagnose and treat human injuries, diseases, and deformities. This includes symptoms, treatment alternatives, drug properties and interactions, and preventive health-care measures."	"Kunnskap om informasjon og teknikker for diagnostisering og behandling av skader, sykdommer og misdannelser hos mennesker. Dette omfatter symptomer, behandlingsalternativer, legemidlers egenskaper og interaksjoner, samt forebyggende helsehjelp."	"2015-09-05"
"2.C.5.b"	"knowledge"	"Therapy and Counseling"	"Terapi"	"Knowledge of principles, methods, and procedures for diagnosis, treatment, and rehabilitation of physical and mental dysfunctions, and for career counseling and guidance."	"Kunnskap om prinsipper, metoder og prosedyrer for diagnostikk, behandling og rehabilitering av fysiske og psykiske dysfunksjoner, og for karriererådgivning og veiledning."	"2015-09-05"
"2.C.6"	"knowledge"	"Education and Training"	"Undervisning og pedagogikk"	"Knowledge of principles and methods for curriculum and training design, teaching and instruction for individuals and groups, and the measurement of training effects."	"Kunnskap om prinsipper og metoder for utforming av pensum og opplæring, undervisning og instruksjoner for enkeltpersoner og grupper, og måling av opplæringseffekter."	"2015-09-05"
"2.C.7.a"	"knowledge"	"English Language"	"Språkkunnskaper"	"Knowledge of the structure and content of the English language including the meaning and spelling of words, rules of composition, and grammar."	"Kunnskap om struktur og innhold i norsk språk, herunder betydningen og staving av ord, sammensetningsregler og grammatikk."	"2015-09-05"
"2.C.7.b"	"knowledge"	"Foreign Language"	"Fremmedspråk"	"Knowledge of the structure and content of a foreign (non-English) language including the meaning and spelling of words, rules of composition and grammar, and pronunciation."	"Kunnskap om struktur og innhold i et fremmedspråk (ikke norsk), herunder betydningen og staving av ord, sammensetningsregler og grammatikk, samt uttale."	"2015-09-05"
"2.C.7.c"	"knowledge"	"Fine Arts"	"Kunst, musikk og dans"	"Knowledge of the theory and techniques required to compose, produce, and perform works of music, dance, visual arts, drama, and sculpture."	"Kunnskap om teori og teknikker for komposisjon, produksjon og utførelse av verker innen musikk, dans, visuell kunst, drama og skulptur."	"2015-09-05"
"2.C.7.d"	"knowledge"	"History and Archeology"	"Historie"	"Knowledge of historical events and their causes, indicators, and effects on civilizations and cultures."	"Kunnskap om historiske hendelser og deres årsaker, indikatorer og effekter på sivilisasjoner og kulturer."	"2015-09-05"
"2.C.7.e"	"knowledge"	"Philosophy and Theology"	"Filosofi, etikk og religion"	"Knowledge of different philosophical systems and religions. This includes their basic principles, values, ethics, ways of thinking, customs, practices, and their impact on human culture."	"Kunnskap om ulike filosofiske systemer og religioner. Dette omfatter grunnleggende prinsipper, verdier, etikk, tenkemåter, skikker, praksiser og innvirkning på menneskers kultur."	"2015-09-05"
"2.C.8.a"	"knowledge"	"Public Safety and Security"	"Samfunnssikkerhet"	"Knowledge of relevant equipment, policies, procedures, and strategies to promote effective local, state, or national security operations for the protection of people, data, property, and institutions."	"Kunnskap om relevant utstyr, retningslinjer, prosedyrer og strategier for å fremme effektive lokale, statlige eller nasjonale sikkerhetsoperasjoner for beskyttelse av mennesker, data, eiendom og institusjoner."	"2015-09-05"
"2.C.8.b"	"knowledge"	"Law and Government"	"Lov og rett"	"Knowledge of laws, legal codes, court procedures, precedents, government regulations, executive orders, agency rules, and the democratic political process."	"Kunnskap til lover, lovverk, rettsprosedyrer, presedens, offentlige reguleringer, myndighetspålegg, etatregler og den demokratiske politiske prosessen."	"2015-09-05"
"2.C.9.a"	"knowledge"	"Telecommunications"	"Kommunikasjonsteknologi"	"Knowledge of transmission, broadcasting, switching, control, and operation of telecommunications systems."	"Kunnskap om overføring, kringkasting, omkobling, styring og drift av telekommunikasjonssystemer."	"2015-09-05"
"2.C.9.b"	"knowledge"	"Communications and Media"	"Medier og kommunikasjon"	"Knowledge of media production, communication, and dissemination techniques and methods. This includes alternative ways to inform and entertain via written, oral, and visual media."	"Kunnskap om medieproduksjon, kommunikasjon og formidlingsteknikker og -metoder. Dette omfatter alternative måter å informere og underholde via skriftlige, muntlige og visuelle medier."	"2015-09-05"
"4.A.1.a.1"	"work_activities"	"Getting Information"	"Informasjonssøk"	"Observing, receiving, and otherwise obtaining information from all relevant sources."	"Observere, motta og ellers innhente informasjon fra alle relevante kilder."	"2022-05-12"
"4.A.1.a.2"	"work_activities"	"Monitoring Processes, Materials, or Surroundings"	"Overvåking av prosesser materialer og omgivelser"	"Monitoring and reviewing information from materials, events, or the environment, to detect or assess problems."	"Overvåke og vurdere informasjon fra materialer, hendelser eller omgivelser for å oppdage eller vurdere problemstillinger."	"2022-05-12"
"4.A.1.b.1"	"work_activities"	"Identifying Objects, Actions, and Events"	"Identifisering av objekter, handlinger og hendelser"	"Identifying information by categorizing, estimating, recognizing differences or similarities, and detecting changes in circumstances or events."	"Identifisere informasjon ved å kategorisere, estimere, gjenkjenne forskjeller eller likheter, og oppdage endringer i omstendigheter eller hendelser."	"2022-05-12"
"4.A.1.b.2"	"work_activities"	"Inspecting Equipment, Structures, or Materials"	"Inspeksjon av utstyr, strukturer eller materialer"	"Inspecting equipment, structures, or materials to identify the cause of errors or other problems or defects."	"Inspesere utstyr, strukturer eller materialer for å identifisere årsaken til feil eller andre problemer eller defekter."	"2022-05-12"
"4.A.1.b.3"	"work_activities"	"Estimating the Quantifiable Characteristics of Products, Events, or Information"	"Estimering av kvantitative egenskaper ved produkter, hendelser eller informasjon"	"Estimating sizes, distances, and quantities; or determining time, costs, resources, or materials needed to perform a work activity."	"Estimere størrelser, avstander og mengder; eller fastsette tid, kostnader, ressurser eller materialer som trengs for å utføre en arbeidsaktivitet."	"2022-05-12"
"4.A.2.a.1"	"work_activities"	"Judging the Qualities of Objects, Services, or People"	"Vurdere kvalitet på gjenstander, tjenester eller mennesker"	"Assessing the value, importance, or quality of things or people."	"Vurdere verdien av, betydningen av eller kvaliteten på ting eller personer."	"2022-05-12"
"4.A.2.a.2"	"work_activities"	"Processing Information"	"Informasjonsbehandling"	"Compiling, coding, categorizing, calculating, tabulating, auditing, or verifying information or data."	"Kompilere, kode, kategorisere, beregne, tabulere, revidere eller verifisere informasjon eller data."	"2022-05-12"
"4.A.2.a.3"	"work_activities"	"Evaluating Information to Determine Compliance with Standards"	"Vurdere informasjon for å avgjøre samsvar regler og standarder"	"Using relevant information and individual judgment to determine whether events or processes comply with laws, regulations, or standards."	"Bruke relevant informasjon og egen dømmekraft for å avgjøre om hendelser eller prosesser er i samsvar med lover, forskrifter eller standarder."	"2022-05-12"
"4.A.2.a.4"	"work_activities"	"Analyzing Data or Information"	"Analysere data og informasjon"	"Identifying the underlying principles, reasons, or facts of information by breaking down information or data into separate parts."	"Identifisere underliggende prinsipper, årsaker eller fakta i informasjon ved å bryte ned informasjon eller data i separate deler."	"2022-05-12"
"4.A.2.b.1"	"work_activities"	"Making Decisions and Solving Problems"	"Ta avgjørelser og løse problemer"	"Analyzing information and evaluating results to choose the best solution and solve problems."	"Analysere informasjon og evaluere resultatene for å velge den beste løsningen og løse problemer."	"2022-05-12"
"4.A.2.b.2"	"work_activities"	"Thinking Creatively"	"Kreativ tenking"	"Developing, designing, or creating new applications, ideas, relationships, systems, or products, including artistic contributions."	"Utvikle, designe eller lage nye applikasjoner, ideer, relasjoner, systemer eller produkter, herunder kunstneriske bidrag."	"2022-05-12"
"4.A.2.b.3"	"work_activities"	"Updating and Using Relevant Knowledge"	"Oppdatere og bruke relevant kunnskap"	"Keeping up-to-date technically and applying new knowledge to your job."	"Holde deg oppdatert på ny teknikk og anvende ny kunnskap i jobben."	"2022-05-12"
"4.A.2.b.4"	"work_activities"	"Developing Objectives and Strategies"	"Fastsette mål og strategier"	"Establishing long-range objectives and specifying the strategies and actions to achieve them."	"Fastsette langsiktige mål og spesifisere nødvendige strategier og tiltak for å nå dem."	"2022-05-12"
"4.A.2.b.5"	"work_activities"	"Scheduling Work and Activities"	"Planlegge arbeid og aktiviteter"	"Scheduling events, programs, and activities, as well as the work of others."	"Planlegge hendelser, programmer og aktiviteter, samt andres arbeid."	"2022-05-12"
"4.A.2.b.6"	"work_activities"	"Organizing, Planning, and Prioritizing Work"	"Organisere, planlegge og prioritere"	"Developing specific goals and plans to prioritize, organize, and accomplish your work."	"Utvikle konkrete mål og planer for å prioritere, organisere og utføre arbeidsoppgaver."	"2022-05-12"
"4.A.3.a.1"	"work_activities"	"Performing General Physical Activities"	"Utføre fysisk aktivitet"	"Performing physical activities that require considerable use of your arms and legs and moving your whole body, such as climbing, lifting, balancing, walking, stooping, and handling of materials."	"Utføre fysiske aktiviteter som krever betydelig bruk av armer og ben og bevegelse av hele kroppen, for eksempel klatring, løfting, balansering, turgåing, bøying og håndtering av materialer."	"2022-05-12"
"4.A.3.a.2"	"work_activities"	"Handling and Moving Objects"	"Håndtere og flytte gjenstander"	"Using hands and arms in handling, installing, positioning, and moving materials, and manipulating things."	"Bruke hender og armer til å håndtere, installere, posisjonere og flytte materialer og endre gjenstander."	"2022-05-12"
"4.A.3.a.3"	"work_activities"	"Controlling Machines and Processes"	"Kontrollere maskiner og prosesser"	"Using either control mechanisms or direct physical activity to operate machines or processes (not including computers or vehicles)."	"Bruke enten kontrollmekanismer eller direkte fysisk aktivitet for å betjene maskiner eller prosesser (omfatter ikke datamaskiner eller kjøretøy)."	"2022-05-12"
"4.A.3.a.4"	"work_activities"	"Operating Vehicles, Mechanized Devices, or Equipment"	"Brukere kjøretøy og mekanisk utstyr"	"Running, maneuvering, navigating, or driving vehicles or mechanized equipment, such as forklifts, passenger vehicles, aircraft, or water craft."	"Kjøre, manøvrere, navigere eller føre kjøretøy eller mekanisert utstyr, for eksempel trucker, personbiler, fly eller båter."	"2022-05-12"
"4.A.3.b.1"	"work_activities"	"Working with Computers"	"Jobbe med datamaskiner"	"Using computers and computer systems (including hardware and software) to program, write software, set up functions, enter data, or process information."	"Bruker datamaskiner og datasystemer (herunder maskinvare og programvare) til å programmere, skrive programvare, konfigurere funksjoner, legge inn data eller behandle informasjon."	"2022-05-12"
"4.A.3.b.2"	"work_activities"	"Drafting, Laying Out, and Specifying Technical Devices, Parts, and Equipment"	"Skisse eller spesifisere tekniske enheter, deler og utstyr"	"Providing documentation, detailed instructions, drawings, or specifications to tell others about how devices, parts, equipment, or structures are to be fabricated, constructed, assembled, modified, maintained, or used."	"Gi dokumentasjon, detaljerte instruksjoner, tegninger eller spesifikasjoner for å fortelle andre om hvordan enheter, deler, utstyr eller konstruksjoner skal fabrikkeres, konstrueres, monteres, endres, vedlikeholdes eller brukes."	"2022-05-12"
"4.A.3.b.4"	"work_activities"	"Repairing and Maintaining Mechanical Equipment"	"Reparere og vedlikeholde mekanisk utstyr"	"Servicing, repairing, adjusting, and testing machines, devices, moving parts, and equipment that operate primarily on the basis of mechanical (not electronic) principles."	"Vedlikehold, reparasjon, justering og testing av maskiner, utstyr, bevegelige deler og utstyr som opererer hovedsakelig på grunnlag av mekaniske (ikke-elektroniske) prinsipper."	"2022-05-12"
"4.A.3.b.5"	"work_activities"	"Repairing and Maintaining Electronic Equipment"	"Reparere og vedlikehold elektronisk utstyr"	"Servicing, repairing, calibrating, regulating, fine-tuning, or testing machines, devices, and equipment that operate primarily on the basis of electrical or electronic (not mechanical) principles."	"Vedlikehold, reparasjon, kalibrering, regulering, finjustering eller testing av maskiner, enheter og utstyr som opererer hovedsakelig på grunnlag av elektriske eller elektroniske (ikke-mekaniske) prinsipper."	"2022-05-12"
"4.A.3.b.6"	"work_activities"	"Documenting/Recording Information"	"Dokumentere og registrere informasjon"	"Entering, transcribing, recording, storing, or maintaining information in written or electronic/magnetic form."	"Legge inn, transkribere, registrere, lagre eller vedlikeholde informasjon i skriftlig eller elektronisk/magnetisk form."	"2022-05-12"
"4.A.4.a.1"	"work_activities"	"Interpreting the Meaning of Information for Others"	"Tolke hvilken mening informasjon har for andre"	"Translating or explaining what information means and how it can be used."	"Oversette eller forklare hva informasjon betyr, og hvordan den kan brukes."	"2022-05-12"
"4.A.4.a.2"	"work_activities"	"Communicating with Supervisors, Peers, or Subordinates"	"Kommunisere med ledelse og kollegaer"	"Providing information to supervisors, co-workers, and subordinates by telephone, in written form, e-mail, or in person."	"Gi informasjon til veiledere, kolleger og underordnede per telefon, i skriftlig form, på e-post eller ansikt til ansikt."	"2022-05-12"
"4.A.4.a.3"	"work_activities"	"Communicating with People Outside the Organization"	"Kommunisere med personer utenfor organisasjonen"	"Communicating with people outside the organization, representing the organization to customers, the public, government, and other external sources. This information can be exchanged in person, in writing, or by telephone or e-mail."	"Kommunisere med folk utenfor organisasjonen og representere organisasjonen overfor kunder, publikum, myndigheter og andre eksterne aktører. Denne informasjonen kan utveksles ansikt til ansikt, skriftlig eller per telefon eller e-post."	"2022-05-12"
"4.A.4.a.4"	"work_activities"	"Establishing and Maintaining Interpersonal Relationships"	"Etablere og opprettholde mellommenneskelige forhold"	"Developing constructive and cooperative working relationships with others, and maintaining them over time."	"Utvikle konstruktive og samarbeidsbaserte forhold til andre og opprettholde dem over tid."	"2022-05-12"
"4.A.4.a.5"	"work_activities"	"Assisting and Caring for Others"	"Gi omsorg og assistanse til andre"	"Providing personal assistance, medical attention, emotional support, or other personal care to others such as coworkers, customers, or patients."	"Gi personlig assistanse, medisinsk hjelp, emosjonell støtte eller annen personlig pleie til andre, for eksempel kolleger, kunder eller pasienter."	"2022-05-12"
"4.A.4.a.6"	"work_activities"	"Selling or Influencing Others"	"Påvirke eller selge til andre"	"Convincing others to buy merchandise/goods or to otherwise change their minds or actions."	"Overbevise andre til å kjøpe varer/produkter eller på annen måte få de til å endre mening eller handlinger."	"2022-05-12"
"4.A.4.a.7"	"work_activities"	"Resolving Conflicts and Negotiating with Others"	"Løse konflikter og forhandle med andre"	"Handling complaints, settling disputes, and resolving grievances and conflicts, or otherwise negotiating with others."	"Behandle klager, løse tvister og håndtere uenigheter og konflikter, eller på annen måte forhandle med andre."	"2022-05-12"
"4.A.4.a.8"	"work_activities"	"Performing for or Working Directly with the Public"	"Opptre for publikum"	"Performing for people or dealing directly with the public. This includes serving customers in restaurants and stores, and receiving clients or guests."	"Opptre foran andre mennesker eller ha direkte kontakt med publikum. Dette omfatter å betjene kunder i restauranter og butikker, og motta klienter eller gjester."	"2022-05-12"
"4.A.4.b.1"	"work_activities"	"Coordinating the Work and Activities of Others"	"Koordinere andres arbeid og aktiviteter"	"Getting members of a group to work together to accomplish tasks."	"Få medlemmer av en gruppe til å arbeide sammen for å utføre oppgaver."	"2022-05-12"
"4.A.4.b.2"	"work_activities"	"Developing and Building Teams"	"Bygge og utvikle team"	"Encouraging and building mutual trust, respect, and cooperation among team members."	"Oppmuntre og bygge gjensidig tillit, respekt og samarbeid mellom teammedlemmer."	"2022-05-12"
"4.A.4.b.3"	"work_activities"	"Training and Teaching Others"	"Trene og lære opp andre"	"Identifying the educational needs of others, developing formal educational or training programs or classes, and teaching or instructing others."	"Identifisere opplæringsbehov, utvikle formelle utdannings- eller opplæringsprogrammer eller -kurs, og undervise eller instruere andre."	"2022-05-12"
"4.A.4.b.4"	"work_activities"	"Guiding, Directing, and Motivating Subordinates"	"Veilede, lede og motivere medarbeidere"	"Providing guidance and direction to subordinates, including setting performance standards and monitoring performance."	"Gi veiledning til underordnede, herunder fastsettelse av prestasjonsstandarder og måling av resultater."	"2022-05-12"
"4.A.4.b.5"	"work_activities"	"Coaching and Developing Others"	"Trene og utvikle andre"	"Identifying the developmental needs of others and coaching, mentoring, or otherwise helping others to improve their knowledge or skills."	"Identifisere utviklingsbehov hos andre mennesker og veilede, lære opp eller på annen måte hjelpe andre til å forbedre kunnskaper og ferdigheter."	"2022-05-12"
"4.A.4.b.6"	"work_activities"	"Providing Consultation and Advice to Others"	"Rådgivning til andre"	"Providing guidance and expert advice to management or other groups on technical, systems-, or process-related topics."	"Gi veiledning og ekspertråd til ledelsesgrupper eller andre grupper om tekniske eller system- eller prosessrelaterte emner."	"2022-05-12"
"4.A.4.c.1"	"work_activities"	"Performing Administrative Activities"	"Utføre administrative oppgaver"	"Performing day-to-day administrative tasks such as maintaining information files and processing paperwork."	"Utføre daglige administrative oppgaver som å vedlikeholde informasjonsfiler og utføre papirarbeid."	"2022-05-12"
"4.A.4.c.2"	"work_activities"	"Staffing Organizational Units"	"Bemanne organisasjoner"	"Recruiting, interviewing, selecting, hiring, and promoting employees in an organization."	"Rekruttere, intervjue, utvelge, ansette og forfremme ansatte i en organisasjon."	"2022-05-12"
"4.A.4.c.3"	"work_activities"	"Monitoring and Controlling Resources"	"Overvåke og kontrollere ressurser"	"Monitoring and controlling resources and overseeing the spending of money."	"Overvåke og styre ressurser og kontrollere pengebruk."	"2022-05-12"
"abilities"	"category"	"abilities"	"evner"			"2015-09-05"
"interests"	"category"	"interests"	"interesser"			"2015-09-05"
"knowledge"	"category"	"knowledge"	"kunnskaper"			"2015-09-05"
"RIASEC_A"	"interests"	"Artistic"	"kunstnerisk"			"2022-05-12"
"RIASEC_C"	"interests"	"Conventional"	"konvensjonell"			"2022-05-12"
"RIASEC_E"	"interests"	"Enterprising"	"foretaksom"			"2022-05-12"
"RIASEC_I"	"interests"	"Investigative"	"undersøkende"			"2022-05-12"
"RIASEC_R"	"interests"	"Realistic"	"realistisk"			"2022-05-12"
"RIASEC_S"	"interests"	"Social"	"sosial"			"2022-05-12"
"skills"	"category"	"skills"	"ferdigheter"			"2015-09-05"
"work styles"	"category"	"work styles"	"arbeidsmåter"			"2015-09-05"
"work values"	"category"	"work values"	"arbeidsaspekter"			"2015-09-05"
"work_activities"	"category"	"work_activities"	"jobbaktiviteter"			"2015-09-05"
"1.B.3.a"	"content_model_reference"	"Mechanics/Electronics"	"Mekanikk/elektronikk"	"Work involves maintaining and repairing of machinery, such as automotive engines, electronic equipment, computers, and communication systems."	""	"2023-10-23"
"1.B.3.aa"	"content_model_reference"	"Health Care Service"	"Helse og omsorg"	"Work involves providing health care services to individuals to include the diagnosis, prevention, or treatment of diseases and other forms of illness or impairment."	""	"2023-10-23"
"1.B.3.ab"	"content_model_reference"	"Religious Activities"	"Religionsutøvelse"	"Work involves conducting religious worship, leading a church or other religious group, and offering moral guidance associated with beliefs and practices of a religious faith."	""	"2023-10-23"
"1.B.3.ac"	"content_model_reference"	"Personal Service"	"Personlig tjenesteyting"	"Work involves providing personal services to individuals in need of non-medical assistance such as helping arrange or plan for travel, meals, or events."	""	"2023-10-23"
"1.B.3.ad"	"content_model_reference"	"Professional Advising"	"Profesjonell rådgiving"	"Work involves providing expert advice, coaching, and counseling on topics such as careers, educational opportunities, and educational and professional development."	""	"2023-10-23"
"1.B.3.ae"	"content_model_reference"	"Business Initiatives"	"Næringsliv"	"Work involves creating strategic plans or taking actions to expand an organization's business or market share."	""	"2023-10-23"
"1.B.3.af"	"content_model_reference"	"Sales"	"Salg"	"Work involves selling goods or services."	""	"2023-10-23"
"1.B.3.ag"	"content_model_reference"	"Marketing/Advertising"	"Markedsføring"	"Work involves promoting or creating a public image for products, services, or organizations to attract interest, engagement, or sales."	""	"2023-10-23"
"1.B.3.ah"	"content_model_reference"	"Finance"	"Finans"	"Work involves directing and managing financial activities, such as planning and investments for an individual or organization to generate income."	""	"2023-10-23"
"1.B.3.ai"	"content_model_reference"	"Accounting"	"Regnskap"	"Work involves examining, analyzing, and interpreting accounting records for financial statements, or maintaining, auditing, or evaluating records and accounts."	""	"2023-10-23"
"1.B.3.aj"	"content_model_reference"	"Human Resources"	"Personal-administrasjon"	"Work involves recruiting, selecting, and training job applicants, maintaining employee personnel records, administering compensation and employee-benefit programs, and conducting employee performance reviews."	""	"2023-10-23"
"1.B.3.ak"	"content_model_reference"	"Office Work"	"Kontorarbeid"	"Work involves clerical and administrative tasks for an organization such as answering phones, bookkeeping, updating records, scheduling appointments or meetings, and editing of documents and files."	""	"2023-10-23"
"1.B.3.al"	"content_model_reference"	"Management/Administration"	"Ledelse/administrasjon"	"Work involves planning, directing, or coordinating the daily operations of an organization, and overseeing personnel, business, or administrative services."	""	"2023-10-23"
"1.B.3.am"	"content_model_reference"	"Public Speaking"	"Presentasjon"	"Work involves speaking before an audience to educate, entertain, or influence the listeners."	""	"2023-10-23"
"1.B.3.an"	"content_model_reference"	"Politics"	"Politikk"	"Work involves engaging in political activities to influence government policy."	""	"2023-10-23"
"1.B.3.ao"	"content_model_reference"	"Law"	"Juss"	"Work involves studying and applying legal knowledge."	""	"2023-10-23"
"1.B.3.b"	"content_model_reference"	"Construction/Woodwork"	"Bygging/tømrerarbeid"	"Work involves constructing, installing, or repairing structures and fixtures made of wood."	""	"2023-10-23"
"1.B.3.c"	"content_model_reference"	"Transportation/Machine Operation"	"Transport/maskindrift"	"Work involves driving vehicles, such as vans, trucks, trains, and buses to transport people or materials. Work can also involve operating heavy equipment, such as cranes, forklifts, bulldozers, and backhoes to move materials or earth."	""	"2023-10-23"
"1.B.3.d"	"content_model_reference"	"Physical/Manual Labor"	"Fysisk arbeid"	"Work involves manually unloading and moving freight, stock, luggage, or other materials, or performing other physical labor."	""	"2023-10-23"
"1.B.3.e"	"content_model_reference"	"Protective Service"	"Vakt- og sikkerhetsarbeid"	"Work involves maintaining order and protecting life and property by conducting investigations and enforcing laws and regulations to prevent or solve crimes."	""	"2023-10-23"
"1.B.3.f"	"content_model_reference"	"Agriculture"	"Landbruk"	"Work involves planting, cultivating, and harvesting crops, plants, or trees, or raising farm animals. Work can also involve preparing plant and animal products for distribution to consumers, or protecting natural resources to maximize their use in farming."	""	"2023-10-23"
"1.B.3.g"	"content_model_reference"	"Nature/Outdoors"	"Natur/friluftsliv"	"Work involves planning, restoring, and conserving natural areas and wildlife habitats."	""	"2023-10-23"
"1.B.3.h"	"content_model_reference"	"Animal Service"	"Dyr"	"Work involves feeding, grooming, exercising, or otherwise providing care to promote and maintain the well-being of pets and other animals in settings such as kennels, animal shelters, and zoos."	""	"2023-10-23"
"1.B.3.i"	"content_model_reference"	"Athletics"	"Idrett"	"Work involves training, practicing, or competing in athletic events, or supporting those participating in athletics through coaching, training, or officiating."	""	"2023-10-23"
"1.B.3.j"	"content_model_reference"	"Engineering"	"Ingeniørfag"	"Work involves applying science and technology to the design, building, testing, and use of electrical and electronic components, mechanical devices and machines, automotive, marine, and aerospace equipment and vehicles, materials, or structures."	""	"2023-10-23"
"1.B.3.k"	"content_model_reference"	"Physical Science"	"Naturvitenskap"	"Work involves studying and researching non-living objects, materials, and phenomena through scientific disciplines such as physics, chemistry, astronomy, meteorology, or geology."	""	"2023-10-23"
"1.B.3.l"	"content_model_reference"	"Life Science"	"Biologi"	"Work involves studying and researching living organisms through scientific disciplines such as biology, botany, zoology, microbiology, physiology, biochemistry, or zoology."	""	"2023-10-23"
"1.B.3.m"	"content_model_reference"	"Medical Science"	"Medisins vitenskap"	"Work involves studying and researching the causes, nature, effects, and treatments of disease or other forms of impairment or illness."	""	"2023-10-23"
"1.B.3.n"	"content_model_reference"	"Social Science"	"Samfunnsvitenskap"	"Work involves studying and researching human behavior, society, politics, and social relationships through scientific disciplines such as psychology, sociology, economics, or political science."	""	"2023-10-23"
"1.B.3.o"	"content_model_reference"	"Humanities"	"Humaniora"	"Work involves studying and researching aspects of human history, culture, and language through disciplines such as history, philosophy, the language arts, or area/ethnic studies."	""	"2023-10-23"
"1.B.3.p"	"content_model_reference"	"Mathematics/Statistics"	"Matematikk/statistikk"	"Work involves developing and applying mathematics and statistical theory and methods."	""	"2023-10-23"
"1.B.3.q"	"content_model_reference"	"Information Technology"	"IT"	"Work involves designing, developing, testing, and maintaining computer software, hardware, networks, and systems."	""	"2023-10-23"
"1.B.3.r"	"content_model_reference"	"Visual Arts"	"Visuell kunst"	"Work involves creating original visual artwork for a variety of media and purposes using various techniques and software."	""	"2023-10-23"
"1.B.3.s"	"content_model_reference"	"Applied Arts and Design"	"Design og kunsthåndtverk"	"Work involves applying artistic principles to the design and creation of various objects and materials."	""	"2023-10-23"
"1.B.3.t"	"content_model_reference"	"Performing Arts"	"Utøvende kunst"	"Work involves acting as a performer in dance, comedy, or dramatic productions, choreographing of dance performances, or producing of live or recorded entertainment."	""	"2023-10-23"
"1.B.3.u"	"content_model_reference"	"Music"	"Musikk"	"Work involves conducting, composing, or playing music or singing."	""	"2023-10-23"
"1.B.3.v"	"content_model_reference"	"Creative Writing"	"Kreativ skriving"	"Work involves developing creative written works, such as novels, scripts, song lyrics, poetry, stories, or advertisements."	""	"2023-10-23"
"1.B.3.w"	"content_model_reference"	"Media"	"Media"	"Work involves producing, developing, writing, directing, or presenting information through print, radio, television, or digital media."	""	"2023-10-23"
"1.B.3.x"	"content_model_reference"	"Culinary Art"	"Kokkekunst"	"Work involves preparing, cooking, and presenting food in a distinctive style usually associated with a specific culture or region."	""	"2023-10-23"
"1.B.3.y"	"content_model_reference"	"Teaching/Education"	"Undervisning"	"Work involves teaching through lectures, discussions, and demonstrations in one or more subjects."	""	"2023-10-23"
"1.B.3.z"	"content_model_reference"	"Social Service"	"Velferd"	"Work involves providing social services and assistance to improve the well-being and social and psychological functioning of children and adults."	""	"2023-10-23"
